carrier,0
PHS,
hydro,
onwind,20.938729396421856
ror,32.7341092998548
solar,10.620193244649299
solar rooftop,7.096139825793331
solar-hsat,7.576354785905057
