carrier,0
PHS,
hydro,
onwind,11.499572121555927
ror,16.99372790230435
solar,9.107729018077011
solar rooftop,7.576332728172966
solar-hsat,7.385844748858449
