cluster,25
opt,
planning_horizon,2050
carrier,
PHS,
hydro,
onwind,11.499572121555929
ror,16.99372790230435
solar,9.107729018077013
solar rooftop,7.576332728172966
solar-hsat,7.385844748858449
